{"cameraMode":{"drawMode":0,"name":"Shaded","section":"Shading Mode"},"sceneLighting":false,"audioPlay":false,"sceneViewState":{"m_AlwaysRefresh":false,"showFog":true,"showSkybox":false,"showFlares":true,"showImageEffects":true,"showParticleSystems":true,"showVisualEffectGraphs":true,"m_FxEnabled":true},"in2DMode":false,"pivot":{"x":2.3882274627685549,"y":0.4610481262207031,"z":-1.7166821956634522},"rotation":{"x":0.603235125541687,"y":-0.027501149103045465,"z":0.020820043981075288,"w":0.7968189120292664},"size":10.486966133117676,"orthographic":false}