{"cameraMode":{"drawMode":0,"name":"Shaded","section":"Shading Mode"},"sceneLighting":true,"audioPlay":false,"sceneViewState":{"showFog":true,"showMaterialUpdate":false,"showSkybox":false,"showFlares":true,"showImageEffects":true,"showParticleSystems":true,"showVisualEffectGraphs":true,"m_FxEnabled":true},"in2DMode":false,"pivot":{"x":1.9364005327224732,"y":0.5652070045471191,"z":0.36955875158309939},"rotation":{"x":0.16409198939800263,"y":-0.5963538885116577,"z":0.12617355585098267,"w":0.7755750417709351},"size":0.19597911834716798,"orthographic":false}