{"cameraMode":{"drawMode":0,"name":"Shaded","section":"Shading Mode"},"sceneLighting":true,"audioPlay":false,"sceneViewState":{"showFog":true,"showMaterialUpdate":false,"showSkybox":false,"showFlares":true,"showImageEffects":true,"showParticleSystems":true,"showVisualEffectGraphs":true,"m_FxEnabled":true},"in2DMode":false,"pivot":{"x":0.19789791107177735,"y":1.3863412141799927,"z":0.7232511043548584},"rotation":{"x":0.012486309744417668,"y":-0.3801552653312683,"z":0.005131882149726152,"w":0.9248272776603699},"size":2.3097994327545168,"orthographic":false}