{"cameraMode":{"drawMode":0,"name":"Shaded","section":"Shading Mode"},"sceneLighting":true,"audioPlay":false,"sceneViewState":{"m_AlwaysRefresh":false,"showFog":true,"showSkybox":false,"showFlares":true,"showImageEffects":true,"showParticleSystems":true,"showVisualEffectGraphs":true,"m_FxEnabled":true},"in2DMode":false,"pivot":{"x":0.09212422370910645,"y":-0.4068295955657959,"z":-1.9397120475769044},"rotation":{"x":0.05144753307104111,"y":-0.859301745891571,"z":0.5011731386184692,"w":0.08821112662553787},"size":3.3025577068328859,"orthographic":false}