{"cameraMode":{"drawMode":0,"name":"Shaded","section":"Shading Mode"},"sceneLighting":false,"audioPlay":false,"sceneViewState":{"m_AlwaysRefresh":false,"showFog":true,"showSkybox":false,"showFlares":true,"showImageEffects":true,"showParticleSystems":true,"showVisualEffectGraphs":true,"m_FxEnabled":true},"in2DMode":false,"pivot":{"x":3.5478570461273195,"y":-1.8458871841430665,"z":-0.6818509101867676},"rotation":{"x":0.4407148063182831,"y":-0.27942267060279848,"z":0.14653734862804414,"w":0.8403689861297607},"size":5.548991680145264,"orthographic":false}