{"cameraMode":{"drawMode":0,"name":"Shaded","section":"Shading Mode"},"sceneLighting":false,"audioPlay":false,"sceneViewState":{"m_AlwaysRefresh":false,"showFog":true,"showSkybox":false,"showFlares":true,"showImageEffects":true,"showParticleSystems":true,"showVisualEffectGraphs":true,"m_FxEnabled":true},"in2DMode":false,"pivot":{"x":-1.1237385272979737,"y":1.5631630420684815,"z":0.016885310411453248},"rotation":{"x":-0.07100988179445267,"y":-0.6686066389083862,"z":-0.06438472867012024,"w":0.7374131679534912},"size":1.524744987487793,"orthographic":false}